1,Mildred,Seiler,mseiler0@amazon.de,Female
2,Thorny,Chadburn,tchadburn1@kickstarter.com,Male
3,Tasha,Hannis,thannis2@moonfruit.com,Female
4,Kassi,Attril,kattril3@i2i.jp,Female
5,Celestine,Slyne,cslyne4@geocities.jp,Female
6,Ahmad,Glastonbury,aglastonbury5@miibeian.gov.cn,Male
7,Lisetta,Sinkins,lsinkins6@msn.com,Female
8,Cicely,de Guerre,cdeguerre7@google.pl,Female
9,Susi,Hayworth,shayworth8@archive.org,Female
10,Adella,Gleadhell,agleadhell9@nps.gov,Female
11,Koralle,Wales,kwalesa@quantcast.com,Female
12,Valeda,Dunckley,vdunckleyb@salon.com,Female
13,Germana,Eynald,geynaldc@forbes.com,Female
14,Whitman,Hallt,whalltd@hexun.com,Male
15,Lynne,Sharland,lsharlande@macromedia.com,Female
16,Rory,Thody,rthodyf@rakuten.co.jp,Non-binary
17,Allegra,Dartan,adartang@skyrock.com,Female
18,Yorke,Langcaster,ylangcasterh@newyorker.com,Male
19,Golda,Terbrugge,gterbruggei@sohu.com,Female
20,Omero,Dawdary,odawdaryj@weibo.com,Male
21,Dickie,Low,dlowk@com.com,Male
22,Gard,Postgate,gpostgatel@cbc.ca,Male
23,Egan,Winterson,ewintersonm@disqus.com,Male
24,Buckie,Chartres,bchartresn@a8.net,Male
25,Aurora,Hincks,ahinckso@usgs.gov,Female
26,Colet,Gulley,cgulleyp@weather.com,Male
27,Katrine,Strooband,kstroobandq@umich.edu,Female
28,Niko,Abele,nabeler@tinyurl.com,Polygender
29,Farlie,Wrought,fwroughts@abc.net.au,Male
30,Berget,McLernon,bmclernont@ca.gov,Female
31,Samara,Pelos,spelosu@huffingtonpost.com,Female
32,Lowe,Haughin,lhaughinv@yellowbook.com,Male
33,Marie-jeanne,Raiman,mraimanw@shareasale.com,Female
34,Vic,Pendreigh,vpendreighx@sciencedaily.com,Male
35,Germayne,Rosengarten,grosengarteny@businesswire.com,Male
36,Sammy,Kenen,skenenz@wikispaces.com,Male
37,Harv,Hakonsson,hhakonsson10@ovh.net,Male
38,Henriette,Cockin,hcockin11@webeden.co.uk,Agender
39,Skell,Mulmuray,smulmuray12@ca.gov,Male
40,Verney,Shellcross,vshellcross13@vk.com,Male
41,Norina,Eveque,neveque14@sogou.com,Female
42,Bordie,Redan,bredan15@wikipedia.org,Male
43,Meade,Rabson,mrabson16@nasa.gov,Male
44,Rosy,Stinchcombe,rstinchcombe17@g.co,Female
45,Gil,Batterham,gbatterham18@marketwatch.com,Male
46,Agnes,Woodman,awoodman19@intel.com,Female
47,Brandea,McConigal,bmcconigal1a@thetimes.co.uk,Female
48,Daren,Ranaghan,dranaghan1b@go.com,Male
49,Dyane,Guerrieri,dguerrieri1c@wisc.edu,Female
50,Marcy,Ferryn,mferryn1d@jalbum.net,Female
51,Ermengarde,Royson,eroyson1e@vinaora.com,Female
52,Linnie,Carrett,lcarrett1f@sciencedaily.com,Female
53,Ulrike,Sangwin,usangwin1g@over-blog.com,Female
54,Daria,Enrigo,denrigo1h@squarespace.com,Female
55,Guido,Benduhn,gbenduhn1i@google.de,Male
56,Lyndsay,Sweetman,lsweetman1j@indiatimes.com,Female
57,Gabriel,Kellogg,gkellogg1k@nsw.gov.au,Female
58,Maurice,Gamil,mgamil1l@delicious.com,Male
59,Cynthea,Kmieciak,ckmieciak1m@qq.com,Female
60,Mel,Measor,mmeasor1n@blogspot.com,Male
61,Rosalyn,Wilshere,rwilshere1o@youtube.com,Female
62,Maynord,Hawkin,mhawkin1p@sciencedaily.com,Male
63,Vince,MacGall,vmacgall1q@illinois.edu,Male
64,Valida,Richly,vrichly1r@fema.gov,Female
65,Jessie,Redmore,jredmore1s@narod.ru,Male
66,Sidnee,Di Nisco,sdinisco1t@wordpress.org,Genderfluid
67,Pattin,Cuthbert,pcuthbert1u@quantcast.com,Male
68,Alasteir,Chesswas,achesswas1v@squarespace.com,Male
69,Toinette,Cafferty,tcafferty1w@google.co.uk,Female
70,Gillian,Di Claudio,gdiclaudio1x@about.me,Female
71,Cynthea,Clewlowe,cclewlowe1y@psu.edu,Polygender
72,Rube,Liffey,rliffey1z@merriam-webster.com,Male
73,Carolynn,Sidwell,csidwell20@slate.com,Female
74,Fabian,Betty,fbetty21@1688.com,Male
75,Giulia,Barthorpe,gbarthorpe22@indiatimes.com,Non-binary
76,Nikolai,Abethell,nabethell23@google.ca,Bigender
77,Riordan,Manns,rmanns24@alibaba.com,Male
78,Lauralee,Viegas,lviegas25@oracle.com,Female
79,Vaclav,Hedman,vhedman26@sina.com.cn,Male
80,Isidor,Yeatman,iyeatman27@tinypic.com,Male
81,Derrick,Woollons,dwoollons28@blinklist.com,Male
82,Amory,Minster,aminster29@yahoo.com,Male
83,Katya,Ploughwright,kploughwright2a@acquirethisname.com,Female
84,Engelbert,Lafontaine,elafontaine2b@elpais.com,Non-binary
85,Ester,Worvell,eworvell2c@utexas.edu,Female
86,Fred,Ivey,fivey2d@hatena.ne.jp,Genderfluid
87,Edwin,Gravenall,egravenall2e@spiegel.de,Genderqueer
88,Stewart,Turney,sturney2f@purevolume.com,Male
89,Galen,Gossington,ggossington2g@hubpages.com,Male
90,Reider,Brudenell,rbrudenell2h@statcounter.com,Male
91,Katuscha,Chidzoy,kchidzoy2i@g.co,Female
92,West,Hardiker,whardiker2j@bloomberg.com,Genderfluid
93,Elvyn,Doag,edoag2k@godaddy.com,Male
94,Ilaire,Steffens,isteffens2l@myspace.com,Male
95,Brock,Cheng,bcheng2m@nymag.com,Male
96,Ivan,Vipan,ivipan2n@uiuc.edu,Male
97,Carlin,Banting,cbanting2o@liveinternet.ru,Female
98,Regen,Seaborne,rseaborne2p@prnewswire.com,Male
99,Sim,Oates,soates2q@unc.edu,Male
100,Sadie,Plumm,splumm2r@wordpress.com,Female
