1,Beaufort,Van Arsdale,bvanarsdale0@webmd.com,Non-binary
2,Lemar,Physick,lphysick1@live.com,Male
3,Fidelia,Colleymore,fcolleymore2@yellowbook.com,Female
4,Lincoln,Courtes,lcourtes3@spiegel.de,Male
5,Royall,Crowther,rcrowther4@independent.co.uk,Male
6,Thorstein,Wenderott,twenderott5@linkedin.com,Male
7,Carleen,Langcastle,clangcastle6@sbwire.com,Female
8,Inge,Fell,ifell7@xinhuanet.com,Female
9,Alfonse,Telling,atelling8@fema.gov,Male
10,Lolita,Sartain,lsartain9@dagondesign.com,Female
11,Mattias,Durden,mdurdena@hibu.com,Male
12,Innis,Currum,icurrumb@myspace.com,Male
13,Cynthy,Gainseford,cgainsefordc@dailymotion.com,Female
14,Mikael,Passman,mpassmand@yelp.com,Polygender
15,Chase,Fanthome,cfanthomee@economist.com,Male
16,Hartley,McFarlane,hmcfarlanef@amazon.co.uk,Polygender
17,Rozina,Brocklesby,rbrocklesbyg@ifeng.com,Female
18,Ardelis,Pennaman,apennamanh@studiopress.com,Agender
19,Murdoch,Tomasek,mtomaseki@chicagotribune.com,Male
20,Maggi,Inker,minkerj@ed.gov,Female
21,Tommie,Drake,tdrakek@nytimes.com,Male
22,Mile,MacKain,mmackainl@forbes.com,Male
23,Ivy,Castard,icastardm@howstuffworks.com,Female
24,Marijn,Grigorini,mgrigorinin@freewebs.com,Male
25,Sigfrid,Yitzovicz,syitzoviczo@chicagotribune.com,Male
26,Gale,Buckner,gbucknerp@google.com,Male
27,Shep,Abate,sabateq@youku.com,Male
28,Antonetta,Lunge,alunger@amazon.com,Non-binary
29,Aili,McMenamie,amcmenamies@illinois.edu,Polygender
30,Christian,Dowers,cdowerst@samsung.com,Female
31,Gabriele,MacTurlough,gmacturloughu@ifeng.com,Male
32,Sebastian,MacNeice,smacneicev@answers.com,Male
33,Bel,Danielsson,bdanielssonw@wikimedia.org,Female
34,Caressa,Guerrazzi,cguerrazzix@bluehost.com,Agender
35,Putnam,Prew,pprewy@wisc.edu,Male
36,Taddeo,Gladdolph,tgladdolphz@amazon.co.jp,Male
37,Leland,Chapier,lchapier10@wix.com,Male
38,Eula,Ockleshaw,eockleshaw11@prweb.com,Female
39,Base,Parram,bparram12@friendfeed.com,Male
40,Giusto,Zielinski,gzielinski13@sohu.com,Male
41,Darn,Stammer,dstammer14@comcast.net,Male
42,Ethelin,Bridgnell,ebridgnell15@naver.com,Female
43,Maura,Amorine,mamorine16@drupal.org,Female
44,Husein,Farquhar,hfarquhar17@networkadvertising.org,Male
45,Linn,Mouser,lmouser18@i2i.jp,Female
46,Conney,Stedson,cstedson19@uol.com.br,Male
47,Annmarie,Shapero,ashapero1a@narod.ru,Female
48,Dwain,Pau,dpau1b@ezinearticles.com,Male
49,Maritsa,O'Currigan,mocurrigan1c@macromedia.com,Genderfluid
50,Garek,MacGuigan,gmacguigan1d@deliciousdays.com,Male
51,Kimberlee,Byard,kbyard1e@dell.com,Female
52,Crin,Eagger,ceagger1f@goo.ne.jp,Female
53,Devan,Birtonshaw,dbirtonshaw1g@google.co.jp,Female
54,Cosetta,Howison,chowison1h@illinois.edu,Female
55,Halli,Tummond,htummond1i@is.gd,Female
56,Sergeant,Wozencroft,swozencroft1j@yahoo.com,Agender
57,Katina,Sparsholt,ksparsholt1k@networkadvertising.org,Female
58,Henrik,Mithun,hmithun1l@mozilla.org,Male
59,Roy,Sully,rsully1m@digg.com,Male
60,Yoshi,Valenti,yvalenti1n@drupal.org,Female
61,Farr,Chasen,fchasen1o@moonfruit.com,Polygender
62,Jaclin,Gringley,jgringley1p@soup.io,Female
63,Darby,Cavet,dcavet1q@pen.io,Male
64,Christoforo,Poinsett,cpoinsett1r@webnode.com,Male
65,Duane,Foss,dfoss1s@dedecms.com,Male
66,Sherline,Bowstead,sbowstead1t@whitehouse.gov,Female
67,Dana,Bye,dbye1u@google.com.br,Male
68,Rosamond,Phillipp,rphillipp1v@amazon.co.jp,Genderqueer
69,Gavan,Pheasey,gpheasey1w@live.com,Male
70,Peder,Chichgar,pchichgar1x@mit.edu,Non-binary
71,Waldon,Boxall,wboxall1y@theguardian.com,Male
72,Sheri,Iscowitz,siscowitz1z@stanford.edu,Female
73,Gretna,By,gby20@reuters.com,Female
74,Aldon,Palmar,apalmar21@behance.net,Genderqueer
75,Brittni,Verman,bverman22@mayoclinic.com,Female
76,Pier,Haliday,phaliday23@list-manage.com,Female
77,Mortie,Sekulla,msekulla24@ucsd.edu,Male
78,Casandra,Ronchi,cronchi25@cisco.com,Female
79,Sholom,Barnwall,sbarnwall26@ocn.ne.jp,Male
80,Modesty,Bayfield,mbayfield27@furl.net,Female
81,Ermengarde,Pietz,epietz28@ustream.tv,Female
82,Micky,Oganesian,moganesian29@artisteer.com,Male
83,Farlay,Kaemena,fkaemena2a@ovh.net,Male
84,Stanwood,Seals,sseals2b@youtube.com,Male
85,Michaeline,Broadberrie,mbroadberrie2c@cnet.com,Female
86,Natala,Enser,nenser2d@1und1.de,Female
87,Bucky,Scholard,bscholard2e@washingtonpost.com,Male
88,Caitrin,Bonnyson,cbonnyson2f@altervista.org,Female
89,Byrom,Niche,bniche2g@privacy.gov.au,Male
90,Margaret,Sidden,msidden2h@youtu.be,Female
91,Marco,Blacklidge,mblacklidge2i@economist.com,Male
92,Drusilla,Davidsson,ddavidsson2j@pbs.org,Female
93,Nana,Binden,nbinden2k@netvibes.com,Female
94,Ryun,Fowells,rfowells2l@multiply.com,Male
95,Sarge,Darrell,sdarrell2m@printfriendly.com,Male
96,Rafael,Brownhill,rbrownhill2n@google.co.uk,Male
97,Thorin,Oaks,toaks2o@cpanel.net,Male
98,Obadias,Brende,obrende2p@amazonaws.com,Male
99,Monti,Dalyell,mdalyell2q@yale.edu,Male
100,Arny,De Morena,ademorena2r@si.edu,Male
